label,x0,y0,x1,y1,x2,y2,x3,y3,x4,y4,x5,y5,x6,y6,x7,y7,x8,y8,x9,y9
Circle,0.5454545454545454,0.04132231404958678,0.5454545454545454,0.04132231404958678,0.6115702479338843,0.04132231404958678,1.0,0.24793388429752067,0.881542699724518,0.6528925619834711,0.31680440771349894,0.71900826446281,0.0,0.45454545454545453,0.08815426997245147,0.1322314049586779,0.32231404958677684,0.002754820936638962,0.3884297520661157,0.0
Circle,0.595703125,0.03515625,0.595703125,0.0234375,0.6647135416666666,0.0234375,1.0,0.2109375,0.9394531250000001,0.6302083333333333,0.3437500000000001,0.7226562499999999,0.0,0.4316406250000001,0.2285156249999995,0.08398437500000022,0.5631510416666665,0.0,0.6015625,0.0
Circle,0.6955719557195571,0.14114391143911434,0.6706642066420664,0.14114391143911434,0.6706642066420664,0.14114391143911434,1.0,0.2712177121771218,0.884686346863468,0.9234317343173429,0.0,0.9354243542435421,0.03136531365313694,0.3182656826568263,0.674354243542436,0.012915129151291404,0.9123616236162359,0.0,0.9280442804428043,0.0
Circle,0.356589147286822,0.0077519379844961205,0.34108527131782973,0.0077519379844961205,0.3255813953488375,0.0,0.5839793281653747,0.018087855297157687,1.0,0.4780361757105938,0.12316968130921656,0.9319552110249781,0.0,0.2945736434108528,0.43238587424633956,0.06632213608957782,0.4728682170542638,0.062015503875968964,0.4728682170542638,0.062015503875968964
Circle,0.7809948032665183,0.07349665924276168,0.7809948032665183,0.07349665924276168,0.74536005939124,0.07349665924276168,0.8099480326651818,0.07572383073496645,1.0,0.7416481069042318,0.0,0.8530066815144762,0.014847809948033086,0.2449888641425387,0.5857461024498891,0.00519673348181139,0.7015590200445433,0.0,0.7074981440237565,0.0
Circle,0.5141955835962144,0.0,0.504731861198738,0.0,0.4794952681388015,0.0,0.5425867507886434,0.0,1.0,0.42902208201892755,0.0,0.9305993690851745,0.012618296529968013,0.2555205047318614,0.7003154574132494,0.05678233438485808,0.8328075709779177,0.05678233438485808,0.8359621451104102,0.05678233438485808
Circle,0.7168576104746317,0.06873977086743044,0.7119476268412438,0.06873977086743044,0.7070376432078559,0.06873977086743044,0.7414075286415711,0.06382978723404255,1.0,0.24058919803600654,0.5531914893617016,0.6579378068739771,0.0,0.4517184942716857,0.28477905073649806,0.0932896890343696,0.5679214402618659,0.003273322422258546,0.6235679214402619,0.0
Circle,0.6326153846153847,0.058461538461538474,0.6270769230769232,0.058461538461538474,0.6418461538461537,0.058461538461538474,1.0,0.1729230769230769,0.7729230769230773,0.657846153846154,0.0,0.5833846153846154,0.14707692307692302,0.06400000000000017,0.47938461538461535,0.0,0.5052307692307693,0.020923076923076968,0.5052307692307693,0.03076923076923078
Circle,0.6366279069767442,0.0017441860465115286,0.6366279069767442,0.0017441860465115286,0.6313953488372093,0.0017441860465115286,0.7220930232558141,0.0,1.0,0.26453488372093015,0.5563953488372094,0.6790697674418603,0.0,0.4377906976744182,0.31976744186046524,0.0470930232558138,0.5598837209302324,0.0017441860465115286,0.5686046511627907,0.0017441860465115286
Circle,0.5295226130653269,0.04522613065326634,0.5295226130653269,0.04522613065326634,0.5295226130653269,0.04522613065326634,0.5295226130653269,0.04522613065326634,0.6105527638190956,0.050251256281407024,1.0,0.40263819095477366,0.4164572864321613,0.7424623115577893,0.0,0.32914572864321684,0.414572864321608,0.0194723618090453,0.5182160804020103,0.0
Circle,0.6868464501926251,0.07429829389102917,0.6769400110071546,0.07429829389102917,0.6631810676940011,0.07429829389102917,0.7264722069345074,0.07925151348376445,1.0,0.2922399559713814,0.5762245459548707,0.7193175564116676,0.0,0.5101816180517335,0.3703907539900938,0.09411117226197015,0.6263070996147495,0.00220143093010456,0.6571271326362135,0.0
Circle,0.624390243902439,0.02926829268292683,0.6146341463414634,0.02926829268292683,0.5983739837398375,0.02926829268292683,0.7073170731707317,0.03414634146341464,1.0,0.2764227642276424,0.5154471544715442,0.772357723577236,0.0,0.5073170731707317,0.33333333333333365,0.09756097560975582,0.551219512195122,0.008130081300812962,0.5853658536585366,0.0
Circle,0.2684931506849312,0.00821917808219178,0.2438356164383558,0.0,0.2328767123287667,0.0,0.4082191780821914,0.01643835616438356,0.7342465753424651,1.0,0.0,0.4356164383561641,0.4904109589041092,0.13972602739726026,0.5397260273972598,0.12328767123287669,0.5397260273972598,0.12328767123287669,0.5315068493150681,0.12328767123287669
Circle,0.8624999999999999,0.2916666666666667,0.8624999999999999,0.2916666666666667,0.8624999999999999,0.2916666666666667,0.9375,0.3020833333333335,1.0,0.6812500000000002,0.08472222222222199,0.8833333333333337,0.0,0.19791666666666616,0.5381944444444445,0.0,0.7069444444444442,0.13333333333333336,0.7499999999999999,0.16666666666666666
Circle,0.9543147208121827,0.29441624365482233,0.949238578680203,0.29441624365482233,0.9543147208121827,0.29441624365482233,1.0,0.49746192893401014,0.4365482233502538,0.9644670050761421,0.0,0.5888324873096447,0.28426395939086296,0.1065989847715736,0.7157360406091371,0.0,0.8934010152284264,0.06598984771573604,0.9238578680203046,0.09644670050761421
Circle,0.975609756097561,0.31097560975609767,0.975609756097561,0.31097560975609767,0.975609756097561,0.31097560975609767,1.0,0.3292682926829269,0.9674796747967481,0.7418699186991868,0.11585365853658572,0.8536585365853662,0.0,0.18902439024390252,0.542682926829268,0.0,0.7825203252032519,0.12398373983739834,0.823170731707317,0.14634146341463422
Circle,0.9127078384798101,0.19239904988123518,0.9127078384798101,0.19239904988123518,0.9127078384798101,0.19239904988123518,1.0,0.37054631828978646,0.4851543942992872,0.8236342042755345,0.0,0.33966745843230434,0.49406175771971517,0.0,0.885391923990499,0.2042755344418056,0.9501187648456058,0.5261282660332542,0.9501187648456058,0.571852731591449
Circle,1.0,0.3793814432989692,0.974570446735395,0.37319587628865997,0.9855670103092781,0.38350515463917534,0.8804123711340207,0.7670103092783506,0.0,0.762886597938145,0.10927835051546336,0.1484536082474229,0.6762886597938141,0.0,0.8673539518900343,0.1573883161512027,0.900343642611684,0.21786941580756022,0.9072164948453608,0.22474226804123723
Circle,0.8726415094339622,0.12264150943396226,0.8679245283018868,0.12264150943396226,0.8773584905660378,0.12264150943396226,1.0,0.2641509433962264,0.5330188679245284,0.589622641509434,0.0,0.35377358490566035,0.27358490566037735,0.0,0.7405660377358491,0.018867924528301886,0.8349056603773585,0.08962264150943396,0.8584905660377359,0.08962264150943396
Circle,1.0,0.2600000000000001,0.9945454545454545,0.26060606060606073,0.9575757575757576,0.376969696969697,0.5454545454545456,0.6563636363636366,0.0,0.5945454545454547,0.07272727272727247,0.1921212121212125,0.5745454545454541,0.0,0.9030303030303031,0.16060606060606053,0.9721212121212123,0.3121212121212122,0.9727272727272728,0.3200000000000001
Circle,0.9044943820224719,0.25842696629213485,0.8932584269662921,0.25280898876404495,0.8820224719101124,0.25280898876404495,1.0,0.47191011235955055,0.6123595505617978,0.8202247191011236,0.0,0.6235955056179775,0.06741573033707865,0.1404494382022472,0.5617977528089888,0.0,0.7865168539325843,0.10112359550561797,0.8146067415730337,0.12359550561797752
Circle,0.7678244972577696,0.15356489945155388,0.7678244972577696,0.15356489945155388,0.7915904936014623,0.1547836684948202,1.0,0.3510054844606946,0.6825106642291285,0.7300426569165139,0.017672151127361705,0.6264472882388785,0.0,0.1791590493601463,0.47166361974405785,0.0,0.7702620353443022,0.053625837903717194,0.7952468007312613,0.07129798903107859
Circle,0.8963093145869949,0.1072056239015818,0.8910369068541303,0.1072056239015818,0.8804920913884009,0.1072056239015818,1.0,0.1757469244288226,0.9015817223198596,0.583479789103691,0.21792618629174013,0.7270064440538958,0.0,0.33216168717047445,0.41827768014059796,0.0,0.7826596367896897,0.04276508494434683,0.8435852372583481,0.1072056239015818
Circle,0.9247311827956989,0.15591397849462366,0.9193548387096774,0.15591397849462366,0.9193548387096774,0.15591397849462366,1.0,0.1881720430107527,0.989247311827957,0.57168458781362,0.23476702508960598,0.7329749103942654,0.0,0.3602150537634409,0.43189964157706084,0.014336917562724117,0.8064516129032258,0.0,0.8763440860215054,0.05913978494623656
Circle,0.9664804469273743,0.1005586592178771,0.9664804469273743,0.1005586592178771,0.9664804469273743,0.1005586592178771,1.0,0.18435754189944134,0.8044692737430168,0.5865921787709497,0.16201117318435754,0.6983240223463687,0.0,0.33519553072625696,0.329608938547486,0.0223463687150838,0.6312849162011173,0.0,0.6927374301675978,0.055865921787709494
Circle,0.8144904458598726,0.10031847133757958,0.8144904458598726,0.10031847133757958,0.8144904458598726,0.10031847133757958,0.8144904458598726,0.10031847133757958,1.0,0.16719745222929938,0.9514331210191084,0.8288216560509549,0.0,0.8885350318471331,0.03980891719745264,0.22691082802547735,0.6735668789808918,0.0,0.8503184713375795,0.05015923566878979
Circle,0.8070796460176992,0.0035398230088495076,0.8017699115044249,0.0035398230088495076,0.7964601769911506,0.0035398230088495076,0.9185840707964603,0.05132743362831854,1.0,0.4318584070796461,0.2637168141592917,0.663716814159292,0.0,0.3274336283185841,0.49734513274336345,0.008849557522123694,0.8053097345132745,0.0,0.8654867256637169,0.008849557522123845
Circle,0.8116760828625234,0.062146892655367214,0.7947269303201505,0.062146892655367214,0.7947269303201505,0.062146892655367214,0.911487758945386,0.09227871939736348,1.0,0.34651600753295664,0.5040803515379787,0.6403013182674197,0.0,0.4783427495291898,0.19020715630885143,0.1123666038920274,0.5775266792215943,0.0,0.6930320150659133,0.016949152542372874
Circle,0.6979362101313322,0.0,0.6810506566604129,0.0,0.6810506566604129,0.0,0.7654784240150095,0.01688555347091933,1.0,0.2739212007504689,0.5234521575984996,0.6923076923076924,0.0,0.4502814258911821,0.33208255159474664,0.0694183864915573,0.7654784240150094,0.0,0.8330206378986869,0.022514071294559103
Circle,0.5230769230769232,0.030769230769230764,0.5085470085470086,0.030769230769230764,0.5076923076923078,0.030769230769230764,0.6179487179487183,0.07435897435897428,0.9094017094017095,0.4709401709401709,0.2213675213675219,0.805128205128205,0.0,0.36923076923076936,0.6598290598290598,0.04700854700854702,0.9641025641025645,0.0,1.0,0.0
Circle,0.7686651583710407,0.024886877828054283,0.7635746606334841,0.024886877828054283,0.7635746606334841,0.024886877828054283,0.8857466063348416,0.09615384615384615,1.0,0.43947963800905,0.30656108597285014,0.6894796380090498,0.0,0.3371040723981897,0.4400452488687788,0.01527149321266954,0.7652714932126697,0.0,0.79920814479638,0.004524886877828038
Circle,0.6083188908145578,0.0,0.6048526863084919,0.0,0.584055459272097,0.0,0.9254766031195841,0.12998266897746988,1.0,0.6837088388214909,0.05459272097053684,0.8526863084922016,0.0,0.2677642980935875,0.5147313691507797,0.02253032928942806,0.6750433275563256,0.007798960138648183,0.7019064124783361,0.0
Circle,0.860813704496788,0.20556745182012845,0.8479657387580298,0.19914346895074944,0.8479657387580298,0.19914346895074944,0.9571734475374731,0.25695931477516054,1.0,0.7387580299785866,0.14132762312633868,0.7280513918629552,0.0,0.25695931477516054,0.5267665952890792,0.014989293361884428,0.7516059957173447,0.0,0.7837259100642398,0.0
Circle,0.919601837672282,0.0811638591117917,0.9127105666156204,0.0811638591117917,0.9058192955589589,0.0811638591117917,1.0,0.1546707503828483,0.8231240428790202,0.8346094946401225,0.0,0.8154670750382849,0.12251148545176108,0.19601837672281788,0.647779479326187,0.0,0.8637059724349158,0.019142419601837633,0.8851454823889742,0.019142419601837633
Circle,0.848318462594372,0.0,0.848318462594372,0.0,0.8421413864104325,0.0,0.9698009608785173,0.07206588881262863,1.0,0.5792724776938916,0.1859986273164036,0.728894989704873,0.0,0.26973232669869607,0.4893617021276593,0.008922443376801726,0.8249828414550444,0.015099519560741327,0.8606726149622512,0.02470830473575841
Circle,0.7942857142857143,0.015238095238095346,0.7942857142857143,0.015238095238095346,0.8190476190476189,0.015238095238095346,1.0,0.1180952380952382,0.9619047619047618,0.4666666666666668,0.27619047619047576,0.6838095238095239,0.0,0.3009523809523811,0.4247619047619053,0.013333333333333225,0.7066666666666668,0.0,0.7542857142857143,0.003809523809523918
Circle,0.6469939327082185,0.00992829564258136,0.638168781025924,0.00992829564258136,0.6376172090457803,0.00992829564258136,0.8323221180364038,0.07446221731936019,1.0,0.36183121897407616,0.4578047435190294,0.6376172090457807,0.0,0.35907335907335935,0.2763375620518476,0.03640375068946503,0.6238279095421952,0.0,0.6718146718146719,0.0
Circle,0.8051224944320712,0.025612472160356215,0.8051224944320712,0.025612472160356215,0.8073496659242756,0.025612472160356215,0.9855233853006681,0.08908685968819566,1.0,0.6180400890868591,0.17817371937639187,0.812917594654788,0.0,0.2995545657015589,0.5178173719376384,0.010022271714922046,0.8229398663697103,0.0,0.8853006681514476,0.005567928730512122
Circle,0.7150837988826816,0.018621973929236393,0.7150837988826816,0.013035381750465444,0.7448789571694602,0.01675977653631285,1.0,0.175046554934823,0.9776536312849162,0.5847299813780259,0.26256983240223497,0.6480446927374302,0.0,0.27560521415270006,0.35940409683426433,0.0223463687150838,0.685288640595903,0.0,0.7541899441340782,0.007448789571694494
Circle,0.6056729699666294,0.0200222469410456,0.6012235817575081,0.0200222469410456,0.5956618464961067,0.0150166852057842,0.7241379310344827,0.05172413793103452,1.0,0.35038932146829815,0.4238042269187984,0.6857619577308118,0.0,0.36206896551724105,0.38431590656284803,0.03948832035595089,0.6223581757508343,0.0,0.6457174638487206,0.0
Circle,0.7106918238993709,0.03773584905660377,0.7893081761006291,0.5649895178197067,0.3763102725366873,1.0,0.0,0.6698113207547169,0.12054507337526199,0.25890985324947574,0.4716981132075466,0.09224318658280917,0.7735849056603774,0.015723270440251482,0.9517819706498949,0.0,0.9748427672955973,0.0,0.9748427672955973,0.0
Circle,0.3551236749116607,0.007067137809187328,0.34982332155477025,0.0017667844522968696,0.4222614840989396,0.0,0.7155477031802119,0.27208480565371024,0.6855123674911661,0.9593639575971727,0.13957597173144892,1.0,0.0,0.5901060070671377,0.21908127208480518,0.2932862190812722,0.43286219081272054,0.18021201413427557,0.5141342756183744,0.1236749116607774
Circle,0.38405797101449257,0.02294685990338168,0.3786231884057969,0.02294685990338168,0.3786231884057969,0.017512077294686023,0.5434782608695649,0.057367149758454195,0.7741545893719805,0.6165458937198068,0.24818840579710125,1.0,0.0,0.43780193236714954,0.358695652173913,0.051328502415459006,0.6413043478260867,0.0,0.6666666666666664,0.006642512077294721
Circle,0.6480686695278969,0.0064377682403433485,0.6480686695278969,0.0,0.6480686695278969,0.0,0.8433476394849786,0.13090128755364813,0.9084406294706724,0.9828326180257513,0.13662374821173073,1.0,0.0,0.3605150214592273,0.4849785407725321,0.06008583690987113,0.7596566523605152,0.019313304721030045,0.7832618025751071,0.019313304721030045
Circle,0.8090909090909091,0.0,0.8090909090909091,0.0,0.8363636363636364,0.01636363636363636,1.0,0.3545454545454545,0.6090909090909088,0.9490909090909089,0.0,0.6890909090909086,0.05636363636363656,0.21272727272727268,0.4381818181818189,0.009090909090909037,0.7527272727272729,0.005454545454545453,0.9127272727272727,0.01636363636363636
Circle,0.7991071428571428,0.1421130952380953,0.7857142857142857,0.1354166666666667,0.7752976190476191,0.12872023809523817,0.7901785714285712,0.12872023809523817,0.8936011904761907,0.47172619047619063,0.27901785714285654,0.9821428571428574,0.0,0.46354166666666674,0.49255952380952417,0.0,0.913690476190476,0.011904761904762055,1.0,0.05505952380952386
Circle,0.8835341365461851,0.03145917001338694,0.8775100401606429,0.03145917001338694,0.8775100401606429,0.03145917001338694,0.8795180722891566,0.03145917001338694,1.0,0.2402945113788487,0.5749665327978579,0.9069611780455162,0.0,0.5013386880856767,0.39022757697456445,0.04551539491298557,0.8728246318607765,0.0,0.9799196787148599,0.04350736278447129
Circle,0.9661290322580646,0.1413978494623656,0.9661290322580646,0.1413978494623656,0.9752688172043013,0.15053763440860216,1.0,0.48655913978494625,0.3327956989247311,0.8344086021505374,0.0,0.39784946236559154,0.2983870967741936,0.015591397849462394,0.7344086021505378,0.0,0.9241935483870964,0.14784946236559146,0.9661290322580646,0.15591397849462368
Circle,0.9795258620689657,0.16971982758620693,1.0,0.2974137931034484,0.839978448275862,0.6681034482758622,0.1729525862068964,0.7031250000000002,0.0,0.41109913793103453,0.11314655172413787,0.13523706896551727,0.41379310344827613,0.0,0.6864224137931035,0.018318965517241353,0.859375,0.1707974137931035,0.9940732758620692,0.2764008620689656
Circle,0.8822525597269625,0.39931740614334477,0.8720136518771331,0.39931740614334477,0.8754266211604094,0.3890784982935154,0.8873720136518771,0.5017064846416383,0.43003412969283283,0.771331058020478,0.0,0.4505119453924917,0.15017064846416375,0.0,0.5972696245733784,0.02218430034129669,0.9590443686006825,0.5119453924914675,1.0,0.7372013651877134
Circle,0.47685185185185186,0.10185185185185185,0.4722222222222222,0.08796296296296297,0.47427983539094654,0.08796296296296297,0.5540123456790125,0.1111111111111111,0.8261316872427984,0.5267489711934158,0.4984567901234566,1.0,0.0,0.6373456790123454,0.18364197530864207,0.125,0.5946502057613169,0.0,0.6851851851851852,0.009259259259259259
Circle,0.7559322033898302,0.07118644067796609,0.7401129943502823,0.06610169491525424,0.7316384180790958,0.06610169491525424,0.8288135593220333,0.14745762711864405,0.9186440677966099,0.6723163841807906,0.3096045197740114,1.0,0.0,0.5661016949152544,0.2723163841807903,0.17288135593220366,0.6237288135593215,0.027118644067796654,0.7559322033898302,0.0
Circle,0.8511066398390341,0.030181086519114685,0.8571428571428571,0.030181086519114685,0.86317907444668,0.030181086519114685,0.9637826961770627,0.1810865191146883,0.9704896042924214,0.7652582159624414,0.37156270959087884,1.0,0.0,0.6096579476861163,0.21462105969148246,0.18712273641851088,0.6887994634473505,0.023474178403755847,0.86317907444668,0.0
Circle,0.6986062717770034,0.07839721254355402,0.6829268292682925,0.07839721254355402,0.7026713124274101,0.07839721254355402,0.7578397212543555,0.16376306620209066,0.8217189314750288,0.6887340301974452,0.25958188153310086,1.0,0.0,0.5731707317073169,0.2926829268292686,0.16840882694541207,0.6231126596980253,0.024970963995354208,0.6986062717770034,0.0
Circle,0.6839207048458152,0.004955947136563878,0.6690528634361236,0.0,0.6712555066079298,0.0,0.8111233480176218,0.16354625550660806,0.7979074889867844,0.8458149779735686,0.1943832599118941,1.0,0.0,0.4460352422907489,0.4179515418502206,0.09306167400881057,0.7924008810572691,0.03469162995594715,0.8375550660792954,0.049559471365638784
Circle,0.917710196779964,0.10733452593917708,0.917710196779964,0.10733452593917708,0.9314251639833032,0.13714967203339296,1.0,0.26296958855098385,0.9296362552176507,0.7990459153249849,0.28145497912939743,0.9695885509838997,0.0,0.5778175313059034,0.2611806797853307,0.2093023255813954,0.7388193202146687,0.028622540250447196,0.9660107334525937,0.0
Circle,0.9904761904761903,0.05170068027210879,0.9782312925170067,0.04761904761904757,0.9782312925170067,0.04761904761904757,1.0,0.09659863945578225,0.931972789115646,0.5414965986394557,0.26802721088435355,0.7092970521541947,0.0,0.34149659863945553,0.32562358276644005,0.009523809523809445,0.8244897959183674,0.0,0.9782312925170067,0.09251700680272103
Circle,0.9396378269617706,0.08517773306505705,0.9215291750503017,0.08517773306505705,0.9215291750503017,0.08517773306505705,0.9899396378269613,0.1877934272300472,0.9027498323272972,0.7954393024815564,0.09523809523809487,0.7981220657276997,0.0,0.2723004694835678,0.5325285043594904,0.0,0.9081153588195845,0.06505700871898061,1.0,0.11535881958417174
Circle,0.8470764617691154,0.09295352323838088,0.8275862068965516,0.1784107946026987,0.7631184407796104,0.44977511244377816,0.3568215892053974,0.6416791604197901,0.028485757121439446,0.5172413793103449,0.0,0.22938530734632692,0.2893553223388307,0.007496251874063053,0.707646176911544,0.0,0.95352323838081,0.13343328335832091,1.0,0.16041979010494758
Circle,0.7450271247739603,0.19529837251356236,0.7305605786618448,0.19529837251356236,0.7233273056057867,0.18806509945750444,0.7938517179023509,0.24954792043399635,0.6220614828209767,0.7613019891500905,0.0,0.7613019891500898,0.0018083182640146718,0.24412296564195293,0.5533453887884273,0.0,0.9439421338155514,0.07594936708860758,1.0,0.12477396021699817
Circle,0.8261980830670923,0.09201277955271564,0.8102236421725236,0.06900958466453673,0.8089456869009581,0.06900958466453673,0.8837060702875396,0.1035143769968051,1.0,0.6345047923322682,0.405111821086262,0.9559105431309903,0.0,0.559744408945687,0.2696485623003189,0.12076677316293928,0.6824281150159741,0.0,0.8607028753993606,0.0
Circle,0.8389771941948858,0.042847270214236316,0.832757429163787,0.042847270214236316,0.8334485141672423,0.042847270214236316,0.9903248099516241,0.14236351071181733,1.0,0.8161713890808565,0.0,0.8272287491361433,0.030407740152038495,0.2812715964063583,0.5169315825846575,0.0,0.8963372494816861,0.07049067035245339,0.9633724948168624,0.08638562543192808
Circle,0.8140794223826718,0.1028880866425993,0.8140794223826718,0.08664259927797836,0.8122743682310472,0.08664259927797836,0.8086642599277982,0.07581227436823106,0.8303249097472928,0.07581227436823106,1.0,0.4007220216606502,0.5758122743682313,0.936823104693141,0.0,0.7166064981949456,0.15523465703971162,0.23826714801444032,0.5812274368231051,0.0
Circle,0.9074074074074073,0.1512345679012345,0.9074074074074073,0.11913580246913576,0.8932098765432098,0.09012345679012339,0.8962962962962963,0.09753086419753068,1.0,0.3907407407407406,0.5000000000000001,0.858641975308642,0.0,0.5993827160493825,0.18395061728395073,0.1765432098765432,0.6802469135802468,0.0,0.9462962962962962,0.012345679012345631
Circle,0.9151921903599756,0.010982306284319706,0.9536302623550945,0.027455765710799263,0.953020134228188,0.01647345942647956,0.9774252593044535,0.01830384380719956,1.0,0.2660158633312996,0.5948749237339842,0.7114093959731542,0.0,0.6040268456375835,0.06223306894447885,0.1744966442953018,0.5771812080536913,0.0,0.9426479560707748,0.054911531421598526
Circle,0.8509316770186336,0.17184265010351962,0.84472049689441,0.15734989648033132,0.8322981366459627,0.13043478260869548,0.9192546583850931,0.2028985507246376,0.954451345755694,0.8426501035196686,0.29606625258799185,0.9668737060041407,0.0,0.5693581780538302,0.3312629399585917,0.15320910973084917,0.784679089026915,0.0,1.0,0.04140786749482396
Circle,0.6424682395644284,0.04900181488203268,0.6370235934664248,0.04900181488203268,0.6479128856624321,0.04537205081669698,0.7241379310344829,0.0871143375680581,0.8911070780399277,0.5916515426497276,0.43194192377495494,1.0,0.0,0.7241379310344829,0.10344827586206867,0.27223230490018185,0.4646098003629764,0.052631578947368536,0.6424682395644284,0.0
Circle,0.5827770360480641,0.1695594125500668,0.5827770360480641,0.1695594125500668,0.5887850467289719,0.1695594125500668,0.7149532710280373,0.2176234979973298,0.8611481975967955,0.7216288384512681,0.29572763684913217,1.0,0.0,0.5620827770360483,0.29038718291054727,0.12416555407209623,0.6822429906542055,0.0,0.8230974632843792,0.019359145527369864
Circle,0.7728285077951002,0.05345211581291761,0.7275426874536005,0.05345211581291761,0.7023014105419451,0.05345211581291761,0.7126948775055678,0.07795100222717145,0.8329621380846325,0.3719376391982183,0.4454342984409798,0.8567186340014851,0.0,0.7104677060133635,0.2130660727542682,0.2939866369710468,0.7757980697847068,0.09428359317000747,1.0,0.0
Circle,0.9334442595673875,0.024958402662229612,1.0,0.22462562396006652,0.9195784803105931,0.6400443704936216,0.5474209650582366,0.8901830282861894,0.1469772601220189,0.8319467554076538,0.0,0.5629506378258456,0.13810316139767034,0.3044925124792014,0.4642262895174705,0.1192457016084305,0.7881308929561841,0.032723239046034386,0.968386023294509,0.0
Circle,0.34308663224325886,0.07745266781411361,0.3224325874928286,0.07745266781411361,0.31210556511761345,0.07745266781411361,0.31210556511761345,0.07573149741824445,0.42570281124498005,0.089500860585198,0.7653471026965007,0.6649454962707976,0.2174411933448074,1.0,0.0,0.46012621916236357,0.2966150315547907,0.06310958118187031,0.4411933448078028,0.0
Circle,0.5255319148936173,0.0,0.5262411347517731,0.0,0.661702127659575,0.08794326241134748,0.8510638297872344,0.5382978723404255,0.5290780141843974,1.0,0.024822695035461157,0.8893617021276599,0.0,0.468085106382979,0.3680851063829785,0.15035460992907831,0.6248226950354612,0.014184397163120609,0.6787234042553194,0.0
Circle,0.7953296703296704,0.0,0.8619505494505495,0.07005494505494506,1.0,0.40109890109890123,0.7994505494505493,0.8282967032967036,0.3097527472527472,0.9017857142857146,0.0,0.6531593406593409,0.06387362637362629,0.35233516483516497,0.36057692307692274,0.1339285714285716,0.6593406593406593,0.040521978021978045,0.8262362637362638,0.0370879120879121
Circle,0.8984615384615384,0.01692307692307688,0.8984615384615384,0.03076923076923073,0.9102564102564101,0.029743589743589743,1.0,0.3092307692307694,0.6589743589743587,0.7897435897435899,0.07076923076923043,0.6687179487179487,0.0,0.24923076923076914,0.3692307692307696,0.009230769230769102,0.6805128205128207,0.0,0.8384615384615385,0.049230769230769196
Circle,0.9338235294117647,0.1078431372549019,0.9264705882352942,0.09436274509803913,0.931372549019608,0.08455882352941166,0.9779411764705882,0.11151960784313719,1.0,0.43504901960784315,0.49754901960784287,0.7696078431372548,0.0,0.4166666666666666,0.21078431372549056,0.008578431372548793,0.7463235294117647,0.0,0.9264705882352942,0.17034313725490188
Circle,0.8368983957219251,0.24178762414056523,0.7941176470588235,0.38235294117647056,0.437738731856379,0.6065699006875476,0.06569900687547738,0.5649350649350648,0.0,0.27272727272727265,0.2295645530939648,0.015660809778456745,0.6501145912910621,0.0,0.9469060351413292,0.22001527883880823,1.0,0.32964094728800597,0.9744079449961802,0.3414820473644002
Circle,0.6827242524916942,0.12790697674418597,0.6777408637873753,0.12624584717607962,0.6727574750830563,0.1179401993355481,0.6877076411960131,0.10797342192691023,0.931893687707641,0.2624584717607974,0.8006644518272419,1.0,0.0,0.7707641196013286,0.3372093023255817,0.08305647840531541,0.8737541528239202,0.0,0.9568106312292357,0.04318936877076406
Circle,0.7486818980667839,0.11072056239015818,0.7486818980667839,0.11072056239015818,0.7223198594024605,0.11072056239015818,0.8471001757469243,0.22495606326889275,0.9519625073227885,0.8787346221441125,0.32864674868189797,1.0,0.0,0.6221441124780319,0.30638547158758045,0.22964264792032815,0.7340363210310487,0.038664323374341,0.9332161687170475,0.0
Circle,0.5922598479612993,0.09329647546648238,0.5736005528680028,0.09329647546648238,0.567380787836904,0.09329647546648238,0.8140981340704908,0.24257083621285436,0.7809260539046305,0.9246717346233586,0.0,1.0,0.03040774015203886,0.46233586731167886,0.5943331029716659,0.1022805805114028,0.8887353144436768,0.0,0.9156876295784382,0.0
Circle,0.6589383770591825,0.04942037827943868,0.6589383770591825,0.04942037827943868,0.6589383770591825,0.04331909701037216,0.7724222086638192,0.08602806589383766,0.907870652837096,0.6967663209273945,0.22086638194020716,1.0,0.0,0.5289810860280663,0.43624161073825446,0.179987797437462,0.7589993898718728,0.033557046979865786,0.8401464307504576,0.0
Triangle,0.6829618979151693,0.011502516175413334,0.6764917325664992,0.005032350826743311,0.6764917325664992,0.0,0.5815959741193387,0.07836089144500363,0.0,0.6592379583033792,0.21351545650611115,0.7275341480948958,0.9611790079079803,0.7038102084831058,1.0,0.593817397555715,0.6462976276060389,0.18835370237239385,0.5212077641984186,0.07620416966211356
Triangle,0.4519553072625698,0.11061452513966483,0.44189944134078213,0.10558659217877096,0.4379888268156425,0.11340782122905023,0.1620111731843574,0.5497206703910618,0.0,0.8988826815642459,0.6150837988826818,0.757541899441341,1.0,0.6938547486033521,0.6983240223463681,0.38212290502793245,0.3675977653631283,0.062011173184357456,0.2910614525139664,0.0
Triangle,0.4726804123711341,0.07422680412371134,0.4726804123711341,0.06958762886597938,0.4680412371134021,0.06958762886597938,0.22835051546391763,0.3154639175257731,0.0,0.6762886597938146,0.5979381443298971,0.6015463917525773,1.0,0.5814432989690722,0.737113402061856,0.29690721649484564,0.49742268041237125,0.04072164948453612,0.44484536082474235,0.0
Triangle,0.2954898911353033,0.05132192846034214,0.2954898911353033,0.04665629860031104,0.29082426127527217,0.049766718506998396,0.11353032659409024,0.3359253499222395,0.0,0.7496111975116642,0.601866251944012,0.6842923794712287,1.0,0.6531881804043546,0.5785381026438571,0.3017107309486782,0.2597200622083982,0.046656298600311105,0.21150855365474341,0.0
Triangle,0.3581467985424259,0.07964601769911504,0.3581467985424259,0.07964601769911504,0.34877667881311825,0.07964601769911504,0.17074440395627302,0.2420614263404475,0.0,0.510671525247267,0.6793336803748045,0.510671525247267,1.0,0.4747527329515879,0.5575221238938057,0.1936491410723583,0.29151483602290496,0.03071317022384182,0.23633524206142645,0.0
Triangle,0.3902439024390244,0.054878048780487805,0.38414634146341464,0.054878048780487805,0.38414634146341464,0.054878048780487805,0.20121951219512196,0.18902439024390244,0.0,0.4146341463414634,0.5792682926829268,0.4329268292682927,1.0,0.42073170731707316,0.6158536585365854,0.15853658536585366,0.4329268292682927,0.018292682926829267,0.3780487804878049,0.0
Triangle,0.6420323325635106,0.09006928406466513,0.6358737490377215,0.09006928406466513,0.635103926096998,0.09006928406466513,0.540415704387991,0.18013856812933027,0.0,0.5819861431870671,0.369515011547344,0.6443418013856814,1.0,0.6397228637413397,0.8953040800615863,0.44264819091608953,0.39183987682832966,0.11239414934565056,0.23325635103926112,0.0
Triangle,0.5489923558026408,0.006254343293954135,0.5413481584433636,0.0,0.5302293259207784,0.0,0.5010423905489924,0.01250868658790827,0.0,0.3829047949965254,0.1646977067407923,0.5316191799861014,0.9534398888116754,0.5983321751216124,1.0,0.4517025712300207,0.5107713690062544,0.11257817929117443,0.34885337039610853,0.0
Triangle,0.5745257452574525,0.07317073170731711,0.5582655826558265,0.07317073170731711,0.5582655826558265,0.07317073170731711,0.5501355013550135,0.08130081300813012,0.0,0.5826558265582655,0.13640469738030644,0.7886178861788622,1.0,0.7831978319783199,0.8690153568202355,0.504968383017164,0.33152664859981945,0.11291779584462537,0.20867208672086698,0.0
Triangle,0.5150976909413854,0.0,0.5026642984014209,0.0,0.4937833037300177,0.0,0.44049733570159855,0.05328596802841919,0.0,0.4937833037300177,0.4618117229129659,0.5541740674955595,1.0,0.5754884547069272,0.7388987566607461,0.31971580817051526,0.4564831261101245,0.08880994671403207,0.3872113676731794,0.05328596802841919
Triangle,0.45839874411302983,0.0565149136577708,0.45839874411302983,0.0565149136577708,0.45839874411302983,0.0565149136577708,0.3359497645211931,0.15541601255886972,0.0,0.5180533751962324,0.5729984301412868,0.4945054945054945,1.0,0.456828885400314,0.6640502354788069,0.16483516483516486,0.4819466248037677,0.023547880690737835,0.4489795918367347,0.0
Triangle,0.46140651801029164,0.11835334476843912,0.46140651801029164,0.11320754716981134,0.46140651801029164,0.11320754716981134,0.3070325900514579,0.2675814751286451,0.0,0.6129216695254431,0.6043453401943967,0.6546598056032019,1.0,0.6226415094339621,0.6420811892510006,0.23727844482561453,0.4505431675242996,0.031446540880503165,0.40994854202401376,0.0
Triangle,0.4546001202645822,0.0,0.44798556825015057,0.0,0.41310883944678306,0.017438364401683736,0.0,0.48887552615754676,0.22790138304269408,0.6692723992784124,1.0,0.730006013229104,0.8839446782922428,0.4834636199639203,0.4840649428743235,0.11605532170775697,0.3607937462417319,0.006614552014431706,0.32471437161755873,0.0
Triangle,0.36029411764705876,0.02757352941176471,0.36029411764705876,0.02757352941176471,0.34558823529411764,0.03676470588235297,0.0,0.4209558823529411,0.046568627450980074,0.6145833333333335,0.8425245098039214,0.6568627450980393,1.0,0.5238970588235298,0.6047794117647061,0.16911764705882373,0.428921568627451,0.029411764705882408,0.3878676470588235,0.0
Triangle,0.2832278481012659,0.08069620253164556,0.2832278481012659,0.08069620253164556,0.27900843881856546,0.08966244725738394,0.0,0.4256329113924051,0.4947257383966246,0.5632911392405063,1.0,0.5727848101265822,0.46677215189873406,0.22310126582278467,0.1940928270042195,0.034282700421940884,0.14662447257383976,0.0,0.1360759493670887,0.0
Triangle,0.43171021377672225,0.16033254156769602,0.43171021377672225,0.16033254156769602,0.43171021377672225,0.16033254156769602,0.4245843230403803,0.16567695961995257,0.0,0.4566508313539195,0.1989311163895488,0.6276722090261286,1.0,0.7571258907363423,0.5178147268408555,0.3218527315914493,0.2119952494061758,0.06353919239904997,0.1431116389548694,0.0
Triangle,0.4511545293072824,0.1119005328596803,0.4511545293072824,0.1119005328596803,0.4511545293072824,0.1119005328596803,0.44049733570159855,0.13321492007104796,0.0,0.4493783303730017,0.40852575488454673,0.5825932504440496,1.0,0.650088809946714,0.7371225577264657,0.3357015985790412,0.39609236234458267,0.0639431616341031,0.3339253996447602,0.0
Triangle,0.4555858310626703,0.088283378746594,0.45068119891008174,0.088283378746594,0.45068119891008174,0.088283378746594,0.3525885558583106,0.14877384196185306,0.0,0.4659400544959128,0.7073569482288827,0.5362397820163488,1.0,0.4986376021798363,0.5346049046321525,0.12915531335149855,0.3694822888283378,0.007084468664850059,0.3623978201634877,0.0
Triangle,0.5488958990536277,0.0047318611987381696,0.5488958990536277,0.0,0.5488958990536277,0.0,0.36277602523659297,0.09463722397476339,0.0,0.38906414300736064,0.40378548895899025,0.49263932702418484,1.0,0.5504731861198737,0.9043112513144056,0.3222923238696106,0.6130389064143006,0.05730809674027333,0.5394321766561513,0.0
Triangle,0.56,0.07,0.56,0.07,0.5566666666666666,0.06666666666666667,0.36666666666666664,0.23,0.0,0.59,0.38333333333333336,0.6166666666666667,0.94,0.6033333333333334,1.0,0.49666666666666665,0.72,0.19,0.5433333333333333,0.0
Triangle,0.558091286307054,0.006224066390041494,0.5549792531120332,0.008298755186721985,0.5155601659751037,0.049792531120331954,0.03526970954356841,0.6317427385892117,0.0,0.8018672199170126,0.6836099585062242,0.7313278008298756,1.0,0.6908713692946058,0.863070539419087,0.467842323651452,0.5695020746887965,0.10373443983402485,0.46784232365145223,0.0
Triangle,0.4712187375942834,0.10361254466057959,0.46327907899960297,0.10003969829297339,0.4533545057562524,0.10003969829297339,0.36403334656609754,0.21556173084557376,0.0,0.832870186581977,0.596665343390234,0.8384279475982532,1.0,0.7622072250893209,0.6427153632393804,0.35132989281460875,0.31560142913854694,0.06867804684398568,0.24970226280269944,0.0
Triangle,0.34054054054054056,0.0,0.34054054054054056,0.0,0.34054054054054056,0.0,0.34054054054054056,0.0,0.35135135135135137,0.010810810810810811,0.0,0.41621621621621624,0.5567567567567567,0.6270270270270271,1.0,0.6486486486486487,0.3945945945945946,0.22702702702702704,0.1783783783783784,0.03783783783783784
Triangle,0.3873239436619714,0.19718309859154928,0.38497652582159597,0.19718309859154928,0.3802816901408447,0.19718309859154928,0.3802816901408447,0.19014084507042253,0.030516431924882095,0.3920187793427231,0.0,0.8497652582159626,0.9929577464788728,1.0,0.7652582159624407,0.5985915492957743,0.24882629107981166,0.1408450704225351,0.11971830985915453,0.0
Triangle,0.520361990950226,0.01809954751131222,0.520361990950226,0.01809954751131222,0.520361990950226,0.01809954751131222,0.520361990950226,0.01809954751131222,0.5098039215686272,0.03318250377073898,0.0,0.6470588235294115,0.5610859728506785,0.8054298642533937,1.0,0.6365007541478132,0.4479638009049774,0.12971342383107098,0.33031674208144773,0.0
Triangle,0.424812030075188,0.03007518796992481,0.42105263157894735,0.02631578947368421,0.42105263157894735,0.02631578947368421,0.40977443609022557,0.05263157894736842,0.0,0.48120300751879697,0.4774436090225564,0.5526315789473685,1.0,0.5413533834586466,0.8045112781954887,0.2819548872180451,0.5413533834586466,0.05639097744360902,0.4849624060150376,0.0
Triangle,0.3888888888888889,0.025252525252525252,0.3787878787878788,0.025252525252525252,0.3787878787878788,0.025252525252525252,0.3787878787878788,0.025252525252525252,0.0,0.5,0.12626262626262627,0.7878787878787878,1.0,0.797979797979798,0.8333333333333334,0.45454545454545453,0.41414141414141414,0.09090909090909091,0.3282828282828283,0.0
Triangle,0.35294117647058826,0.0,0.35294117647058826,0.0,0.35294117647058826,0.0,0.35294117647058826,0.0,0.0,0.4411764705882351,0.011764705882352606,0.9294117647058824,1.0,0.9411764705882353,0.8352941176470592,0.5235294117647062,0.34313725490196084,0.12352941176470597,0.23529411764705882,0.0058823529411764705
Triangle,0.1562500000000002,0.0,0.1562500000000002,0.0,0.17656250000000037,0.006249999999999976,0.24062500000000017,0.03515624999999999,0.042968750000000014,0.42734375000000024,0.0,0.8882812499999998,1.0,0.9703124999999998,0.9101562499999997,0.6476562499999993,0.33750000000000013,0.18203124999999984,0.1843750000000002,0.03515624999999999
Triangle,0.594102885821832,0.10727728983688835,0.594102885821832,0.10163111668757843,0.594102885821832,0.10163111668757843,0.594102885821832,0.10163111668757843,0.5069008782936011,0.1888331242158094,0.0,0.7666248431618571,0.8331242158092852,0.7998745294855711,1.0,0.5721455457967377,0.4818067754077791,0.13362609786700122,0.3400250941028859,0.0
Triangle,0.47337901950448075,0.042698998418555616,0.47337901950448075,0.042698998418555616,0.47337901950448075,0.042698998418555616,0.2930943595150237,0.19609910384818152,0.0,0.6389035318924619,0.7185028993147072,0.668950975224038,1.0,0.5724828676858196,0.6900369003690034,0.19715340010542945,0.5413811280969951,0.030047443331576152,0.5065893516078018,0.0
Triangle,0.5294117647058824,0.06417112299465241,0.5294117647058824,0.06417112299465241,0.5294117647058824,0.06417112299465241,0.42245989304812837,0.1925133689839572,0.0,0.6898395721925134,0.39928698752228203,0.7040998217468807,1.0,0.679144385026738,0.8342245989304806,0.39572192513368937,0.4474153297682709,0.06951871657754004,0.3850267379679144,0.0
Triangle,0.40519877675840976,0.004587155963302752,0.40519877675840976,0.0,0.40519877675840976,0.0,0.1636085626911317,0.27828746177370023,0.0,0.6600407747196737,0.7716615698267072,0.6569826707441386,1.0,0.5596330275229358,0.6646279306829764,0.245158002038736,0.43068297655453625,0.04791029561671762,0.39143730886850153,0.004587155963302752
Triangle,0.47467438494934877,0.008683068017366135,0.46743849493487694,0.008683068017366135,0.46454413892908836,0.008683068017366135,0.3531114327062229,0.11287988422575976,0.0,0.589001447178003,0.4963820549927639,0.6208393632416787,1.0,0.6078147612156295,0.845151953690304,0.35745296671490606,0.4963820549927641,0.08972503617945016,0.40086830680173663,0.0
Triangle,0.40102389078498296,0.005119453924914676,0.40102389078498296,0.005119453924914676,0.40102389078498296,0.005119453924914676,0.3856655290102389,0.030716723549488054,0.0,0.48805460750853247,0.29522184300341336,0.7013651877133106,1.0,0.6808873720136518,0.8276450511945389,0.3873720136518769,0.46245733788395893,0.09385665529010236,0.3754266211604096,0.0
Triangle,0.36374695863746953,0.08394160583941605,0.36374695863746953,0.07664233576642336,0.36050283860502835,0.0798864557988646,0.10583941605839385,0.31995133819951366,0.0,0.5794809407948094,0.8073803730738036,0.6147607461476076,1.0,0.5474452554744523,0.7291159772911596,0.2753446877534467,0.47364152473641524,0.06244931062449307,0.38564476885644766,0.0
Triangle,0.4897959183673469,0.0,0.4875283446712018,0.0,0.33815192743764166,0.13038548752834475,0.0,0.48554421768707495,0.49234693877551033,0.42913832199546487,0.8948412698412697,0.39399092970521543,1.0,0.38435374149659857,0.801020408163265,0.24376417233560074,0.5493197278911565,0.08276643990929701,0.49489795918367346,0.04336734693877551
Triangle,0.6685032139577591,0.1652892561983471,0.6685032139577591,0.1652892561983471,0.6685032139577591,0.1652892561983471,0.6685032139577591,0.1652892561983471,0.5977961432506885,0.21854912764003673,0.0,0.7272727272727273,0.7015610651974281,0.8181818181818182,1.0,0.6501377410468321,0.5206611570247932,0.18181818181818182,0.3792470156106517,0.0
Triangle,0.5285714285714286,0.009523809523809525,0.5253968253968253,0.006349206349206394,0.5238095238095238,0.004761904761904762,0.5238095238095238,0.009523809523809525,0.3634920634920637,0.13809523809523802,0.0,0.41904761904761906,0.5952380952380952,0.5,1.0,0.45873015873015877,0.7285714285714285,0.18888888888888897,0.5,0.0
Triangle,0.356145251396648,0.03142458100558657,0.356145251396648,0.03142458100558657,0.356145251396648,0.03142458100558657,0.3519553072625698,0.06494413407821223,0.0,0.5272346368715078,0.13547486033519573,0.7891061452513961,0.900837988826815,0.7667597765363124,1.0,0.5579608938547486,0.5104748603351955,0.183659217877095,0.27444134078212284,0.0
Triangle,0.6285714285714286,0.24761904761904763,0.6285714285714286,0.24761904761904763,0.6285714285714286,0.24761904761904763,0.5904761904761905,0.2761904761904762,0.0,0.8126984126984125,0.13968253968253933,0.9873015873015872,0.7333333333333333,1.0,0.6476190476190476,0.707936507936508,0.4825396825396827,0.15238095238095264,0.4380952380952381,0.0
Triangle,0.4636363636363636,0.07272727272727272,0.4636363636363636,0.06363636363636363,0.4636363636363636,0.06363636363636363,0.4636363636363636,0.06363636363636363,0.06969696969696935,0.4606060606060608,0.0,0.8757575757575758,0.8818181818181818,1.0,0.833333333333333,0.8303030303030297,0.40606060606060573,0.17272727272727248,0.22727272727272727,0.0
Triangle,0.6340977068793623,0.08075772681954142,0.6340977068793623,0.0717846460618146,0.6340977068793623,0.0717846460618146,0.6340977068793623,0.0717846460618146,0.20338983050847462,0.49351944167497563,0.0,0.9192422731804594,0.9182452642073791,0.9332003988035898,1.0,0.8793619142572284,0.530408773678963,0.275174476570289,0.4007976071784648,0.0
Triangle,0.5131578947368421,0.05263157894736842,0.5131578947368421,0.05263157894736842,0.5131578947368421,0.05263157894736842,0.4605263157894737,0.09210526315789473,0.27631578947368424,0.2631578947368421,0.0,0.5855263157894737,0.3881578947368421,0.6052631578947368,1.0,0.5921052631578947,0.8092105263157895,0.3355263157894737,0.5592105263157895,0.0
Triangle,0.39165186500888105,0.039964476021314393,0.17406749555950266,0.3357015985790409,0.0,0.7095914742451156,0.19182948490230933,0.8285968028419186,0.7104795737122561,0.9289520426287746,1.0,0.985790408525755,0.791296625222025,0.772646536412078,0.48134991119005344,0.3561278863232682,0.3312611012433394,0.08614564831261098,0.2797513321492008,0.0
Triangle,0.4855233853006684,0.020044543429844103,0.47438752783964416,0.020044543429844103,0.4654788418708243,0.020044543429844103,0.4587973273942096,0.020044543429844103,0.44320712694877507,0.040089086859688206,0.0,0.6859688195991096,0.23162583518930976,0.9487750556792875,0.6993318485523389,1.0,0.4855233853006684,0.3585746102449887,0.4320712694877508,0.0
Triangle,0.600401606425703,0.1686746987951807,0.5783132530120482,0.14457831325301204,0.5763052208835342,0.14658634538152615,0.5763052208835342,0.1566265060240964,0.42771084337349397,0.31927710843373514,0.0,0.8333333333333334,0.40160642570281135,1.0,0.6927710843373494,0.8835341365461845,0.44979919678714836,0.31526104417670653,0.2630522088353415,0.0
Triangle,0.4037383177570093,0.24112149532710278,0.3981308411214953,0.24112149532710278,0.4037383177570093,0.24112149532710278,0.40934579439252333,0.24112149532710278,0.4205607476635514,0.24112149532710278,0.0,0.6193146417445483,0.19065420560747726,1.0,0.8124610591900312,0.933333333333333,0.3850467289719624,0.14080996884735195,0.23551401869158878,0.0
Triangle,0.4473684210526317,0.09586466165413532,0.4473684210526317,0.09586466165413532,0.4473684210526317,0.09586466165413532,0.3853383458646618,0.16917293233082703,0.0,0.6428571428571427,0.3233082706766922,0.8101503759398495,1.0,0.8853383458646614,0.8759398496240599,0.5582706766917286,0.5714285714285715,0.10714285714285696,0.4586466165413535,0.0
Triangle,0.4133333333333332,0.08571428571428572,0.4133333333333332,0.08571428571428572,0.4076190476190475,0.08571428571428572,0.34476190476190466,0.1657142857142857,0.0,0.7390476190476193,0.20761904761904784,0.9047619047619048,0.8476190476190475,1.0,0.8552380952380947,0.6742857142857136,0.5085714285714282,0.17142857142857126,0.37333333333333324,0.0
Triangle,0.4085365853658537,0.01829268292682926,0.4115853658536589,0.006097560975609797,0.45121951219512213,0.0,0.4634146341463415,0.01829268292682926,0.19207317073170777,0.4146341463414631,0.0,0.8445121951219507,0.5457317073170731,0.9054878048780485,1.0,0.8414634146341461,0.7439024390243903,0.3993902439024392,0.3902439024390244,0.01829268292682926
Triangle,0.44281524926686205,0.0593841642228739,0.43621700879765385,0.0593841642228739,0.43621700879765385,0.06598240469208212,0.43621700879765385,0.06598240469208212,0.25659824046920804,0.23533724340175968,0.0,0.5102639296187684,0.46920821114369526,0.5366568914956011,1.0,0.5432551319648093,0.7705278592375363,0.26832844574780035,0.4758064516129031,0.0
Triangle,0.6127221702525725,0.00841908325537886,0.6127221702525725,0.0,0.6127221702525725,0.0,0.6099158091674459,0.0,0.5378858746492047,0.04957904583723103,0.0,0.5949485500467727,0.2703461178671649,0.7717492984097288,1.0,0.7960710944808232,0.8868101028999064,0.460243217960711,0.5116931711880262,0.042095416276894296
Triangle,0.4525386313465784,0.03973509933774836,0.4525386313465784,0.03973509933774836,0.4624724061810155,0.03973509933774836,0.4591611479028697,0.04304635761589408,0.16611479028697557,0.30905077262693187,0.0,0.622516556291391,0.6661147902869762,0.6622516556291393,1.0,0.5678807947019866,0.6898454746136864,0.21081677704194246,0.4873068432671082,0.0
Triangle,0.40000000000000013,0.037894736842105266,0.408421052631579,0.037894736842105266,0.45000000000000007,0.037894736842105266,0.4505263157894739,0.03315789473684211,0.2905263157894739,0.17052631578947364,0.0,0.5631578947368422,0.47736842105263133,0.6489473684210527,1.0,0.6647368421052633,0.8863157894736845,0.32105263157894753,0.5326315789473686,0.0
Triangle,0.5342837746096403,0.0,0.5288526816021727,0.0,0.5050916496945012,0.0,0.48133061778682956,0.030549898167006134,0.21792260692464335,0.3754243041412086,0.0,0.8506449422946368,0.607603530210455,1.0,0.8316361167684996,0.9103869653767818,0.5478615071283094,0.424304141208418,0.3998642226748134,0.13441955193482688
Triangle,0.42673716012084595,0.013595166163141997,0.42673716012084595,0.0007552870090634657,0.42673716012084595,0.0,0.31797583081570996,0.1404833836858007,0.0,0.5755287009063447,0.07175226586102751,0.7379154078549849,0.7212990936555894,0.7341389728096678,1.0,0.6555891238670692,0.7522658610271902,0.3043806646525678,0.4675226586102719,0.027190332326283994
Triangle,0.3823529411764707,0.00802139037433155,0.3823529411764707,0.0,0.3823529411764707,0.0,0.28609625668449207,0.160427807486631,0.0,0.6791443850267378,0.160427807486631,0.8770053475935826,0.8074866310160428,0.9465240641711229,1.0,0.8449197860962566,0.6631016042780754,0.44385026737967936,0.3181818181818183,0.07219251336898394
Triangle,0.7125,0.025,0.51875,0.16319444444444448,0.05486111111111107,0.5256944444444445,0.0,0.64375,0.4368055555555557,0.5909722222222221,0.9222222222222222,0.5138888888888888,1.0,0.4479166666666667,0.8527777777777779,0.24722222222222232,0.7006944444444443,0.06180555555555558,0.64375,0.0
Triangle,0.5374771480804387,0.0,0.4765386959171237,0.06093845216331505,0.16209628275441793,0.40585009140767814,0.0,0.6636197440585008,0.23339427178549654,0.7160268129189516,0.7233394271785494,0.7562461913467396,1.0,0.7404021937842777,0.931139549055454,0.5027422303473492,0.6849482023156612,0.2071907373552712,0.542961608775137,0.05484460694698354
Triangle,0.7341085271317829,0.11162790697674413,0.7341085271317829,0.11162790697674413,0.7341085271317829,0.09767441860465112,0.6922480620155038,0.13953488372093018,0.0883720930232561,0.6775193798449608,0.0,0.9178294573643405,0.8015503875968988,0.8860465116279066,1.0,0.7604651162790698,0.7387596899224803,0.26201550387596917,0.6364341085271318,0.0
Triangle,0.9112833763996554,0.20155038759689922,0.8897502153316106,0.20155038759689922,0.8802756244616708,0.20155038759689922,0.826012058570198,0.23514211886304906,0.20844099913867353,0.7562446167097329,0.0,1.0,0.6244616709732985,0.9586563307493542,0.838070628768303,0.7183462532299743,0.7467700258397931,0.22136089577950055,0.7174849267872523,0.0
Triangle,0.5753424657534245,0.10958904109589035,0.5753424657534245,0.09589041095890405,0.5799086757990868,0.09589041095890405,0.5753424657534245,0.09589041095890405,0.2557077625570777,0.39726027397260233,0.0,0.799086757990867,0.691780821917808,0.9041095890410954,1.0,0.8082191780821917,0.6461187214611873,0.23059360730593617,0.5205479452054793,0.0
Triangle,1.0,0.12653778558875217,0.992091388400703,0.11072056239015816,0.9692442882249559,0.10281195079086115,0.9367311072056239,0.10281195079086115,0.7917398945518456,0.21528998242530759,0.0,0.7715289982425306,0.4411247803163453,0.9332161687170474,0.8989455184534276,0.9859402460456941,0.799648506151142,0.6019332161687168,0.5729349736379614,0.0
Triangle,0.35121951219512193,0.17560975609756097,0.35121951219512193,0.1749128919860627,0.35121951219512193,0.16933797909407663,0.31777003484320565,0.1881533101045296,0.0,0.5038327526132402,0.02299651567944227,0.6961672473867595,0.7087108013937274,0.6898954703832753,1.0,0.6167247386759583,0.6919860627177702,0.27804878048780507,0.34494773519163763,0.0
Triangle,0.49304029304029295,0.07912087912087912,0.5047619047619046,0.06080586080586079,0.5194139194139193,0.05934065934065933,0.42930402930402944,0.14285714285714277,0.0,0.6139194139194136,0.13333333333333336,0.7772893772893773,0.895238095238095,0.8549450549450548,1.0,0.7062271062271064,0.6461538461538464,0.20293040293040296,0.46666666666666656,0.0
Triangle,0.5041079812206573,0.0,0.5041079812206573,0.0,0.5041079812206573,0.0,0.5111502347417839,0.0017605633802816648,0.38615023474178384,0.2869718309859154,0.0,0.8978873239436617,0.5129107981220655,0.9612676056338026,0.8679577464788732,1.0,0.488262910798122,0.5528169014084507,0.27699530516431925,0.2535211267605633
Triangle,0.4034722222222221,0.10625,0.4034722222222221,0.075,0.4034722222222221,0.075,0.38472222222222213,0.10625,0.018055555555555713,0.45625,0.0,0.7715277777777778,0.5701388888888885,1.0,0.5645833333333335,0.6729166666666672,0.3520833333333336,0.16944444444444465,0.2784722222222221,0.0
Triangle,0.49604916593503073,0.2686567164179102,0.5215100965759438,0.24495171202809463,0.5689201053555746,0.22914837576821756,0.5671641791044776,0.24231782265144838,0.09569798068481186,0.602282704126426,0.0,0.9139596136962239,0.872695346795434,0.9824407374890247,1.0,0.8050921861281827,0.6066725197541702,0.19139596136962259,0.4249341527655839,0.0
Triangle,0.4993243243243241,0.12162162162162161,0.4993243243243241,0.11554054054054053,0.4993243243243241,0.11554054054054053,0.5175675675675674,0.10945945945945945,0.508108108108108,0.1256756756756757,0.0,0.5452702702702702,0.6047297297297297,0.6182432432432433,1.0,0.6114864864864864,0.6513513513513511,0.14256756756756747,0.4810810810810809,0.0
Triangle,0.6630007855459547,0.014139827179890027,0.6630007855459547,0.0070699135899450136,0.6630007855459547,0.0070699135899450136,0.6771406127258446,0.0,0.3189316575019638,0.30479183032207396,0.0,0.7164179104477615,0.771406127258445,0.8106834249803617,1.0,0.6708562450903378,0.6630007855459547,0.16732128829536527,0.5145326001571093,0.0
Triangle,0.34418901660280987,0.011494252873563218,0.34418901660280987,0.011494252873563218,0.34418901660280987,0.011494252873563218,0.3039591315453386,0.026819923371647538,0.0,0.3301404853128992,0.028097062579821346,0.6922094508301405,0.6449553001277146,1.0,0.5261813537675606,0.6072796934865896,0.24521072796934876,0.09770114942528728,0.1890166028097064,0.0
Triangle,0.6989528795811519,0.10013089005235602,0.693062827225131,0.10013089005235602,0.693062827225131,0.10013089005235602,0.6812827225130892,0.10405759162303664,0.2886125654450265,0.4201570680628272,0.0,0.831151832460733,0.6341623036649209,0.9698952879581152,1.0,0.9253926701570683,0.7598167539267019,0.4214659685863875,0.5222513089005237,0.0
Triangle,0.4591194968553459,0.0,0.4591194968553459,0.0,0.4591194968553459,0.0,0.44654088050314467,0.031446540880503145,0.031446540880503145,0.4716981132075472,0.0,0.9308176100628931,0.5786163522012578,1.0,0.5786163522012578,0.7044025157232704,0.27044025157232704,0.18867924528301888,0.15723270440251572,0.018867924528301886
Triangle,0.49425287356321873,0.23448275862068974,0.5149425287356325,0.22758620689655182,0.5218390804597705,0.22758620689655182,0.4850574712643679,0.25287356321839094,0.0,0.6881226053639851,0.1279693486590042,0.9026819923371653,0.9080459770114947,0.9747126436781614,1.0,0.804597701149425,0.4911877394636018,0.22452107279693467,0.2045977011494255,0.0
Triangle,0.4358407079646018,0.006637168141592925,0.4358407079646018,0.0,0.4358407079646018,0.0,0.4358407079646018,0.0,0.4358407079646018,0.0,0.0,0.34734513274336276,0.011061946902654623,0.8097345132743368,1.0,0.9491150442477883,0.7300884955752217,0.46681415929203596,0.2765486725663716,0.0265486725663717
Triangle,0.5464480874316943,0.209016393442623,0.5341530054644812,0.1967213114754099,0.5341530054644812,0.1967213114754099,0.5464480874316943,0.1967213114754099,0.37158469945355277,0.34836065573770514,0.0,0.7759562841530057,0.6939890710382524,0.8155737704918036,1.0,0.7595628415300547,0.5710382513661205,0.2923497267759563,0.2636612021857926,0.0
Triangle,0.7369985141158992,0.053491827637444325,0.7503714710252604,0.053491827637444325,0.7771173848439825,0.053491827637444325,0.7771173848439825,0.053491827637444325,0.3655274888558693,0.2897473997028235,0.0,0.6448736998514122,0.7102526002971771,0.6285289747399708,1.0,0.4739970282317981,0.7221396731054984,0.0713224368499257,0.7102526002971771,0.0
Triangle,0.8560371517027859,0.0,0.8560371517027859,0.0,0.8560371517027859,0.0,0.7352941176470582,0.10216718266253876,0.0,0.7585139318885443,0.4953560371517023,0.8080495356037146,1.0,0.8034055727554175,0.9380804953560362,0.575851393188854,0.7089783281733745,0.21826625386996884,0.6052631578947366,0.15325077399380793
Triangle,0.627906976744186,0.09302325581395349,0.627906976744186,0.09302325581395349,0.627906976744186,0.06976744186046512,0.5930232558139535,0.10465116279069768,0.0,0.6395348837209303,0.16279069767441862,0.7674418604651163,1.0,0.7093023255813954,0.9651162790697675,0.43023255813953487,0.7093023255813954,0.11627906976744186,0.6046511627906976,0.0
Slash,0.004629629629629629,0.023148148148148147,0.0,0.023148148148148147,0.0,0.023148148148148147,0.0030864197530863758,0.023148148148148147,0.13580246913580238,0.023148148148148147,0.4897119341563786,0.008744855967078176,0.7901234567901239,0.0030864197530865076,0.9295267489711934,0.0,0.9794238683127572,0.0,1.0,0.0
Slash,1.0,0.1676470588235294,0.9970588235294118,0.1676470588235294,0.9970588235294118,0.1676470588235294,0.992156862745098,0.1666666666666667,0.861764705882353,0.1398692810457517,0.32156862745098036,0.06764705882352932,0.06470588235294127,0.011764705882352941,0.004575163398692815,0.0,0.0,0.0058823529411764705,0.0,0.0058823529411764705
Slash,0.0,0.0028328611898017,0.0028328611898017,0.0,0.0056657223796034,0.0,0.0339943342776204,0.0,0.2577903682719547,0.019830028328611898,0.6657223796033994,0.0764872521246459,0.8951841359773371,0.10198300283286119,0.9745042492917847,0.1048158640226629,0.9915014164305949,0.1048158640226629,1.0,0.1048158640226629
Slash,1.0,0.4584717607973422,1.0,0.4584717607973422,1.0,0.4584717607973422,0.9933554817275747,0.4584717607973422,0.9346622369878184,0.4141749723145073,0.5769656699889256,0.24695459579180504,0.16943521594684385,0.07641196013289037,0.024363233665559186,0.009966777408637873,0.0,0.0,0.0,0.006644518272425249
Slash,0.0031446540880503146,0.0,0.0031446540880503146,0.0,0.0,0.0,0.013626834381551347,0.0,0.16876310272536685,0.00838574423480081,0.5307477288609364,0.06464011180992314,0.8134171907756812,0.12788259958071277,0.9388539482879105,0.15863032844164923,0.9818308874912647,0.16981132075471697,1.0,0.17295597484276728
Slash,0.002890173410404624,0.09248554913294797,0.0006422607578677126,0.09248554913294797,0.0,0.09248554913294797,0.0,0.09248554913294797,0.058766859344894014,0.07964033397559406,0.4062299293513167,0.035966602440590835,0.7716763005780345,0.006743737957610735,0.9380218368657675,0.0,0.989723827874117,0.0,1.0,0.0
Slash,1.0,0.0056179775280898875,1.0,0.003121098626716613,1.0,0.0,0.9981273408239701,0.0,0.9881398252184769,0.0015605493133582667,0.8426966292134831,0.019038701622971266,0.46067415730337097,0.05805243445692889,0.15137328339575537,0.09737827715355811,0.023408239700374537,0.1151685393258427,0.0,0.11235955056179775
Slash,0.0027100271002710027,0.1002710027100271,0.0,0.0975609756097561,0.0,0.0975609756097561,0.0027100271002710027,0.0975609756097561,0.11653116531165311,0.08130081300813008,0.47696476964769646,0.056910569105691054,0.8021680216802168,0.032520325203252036,0.94579945799458,0.016260162601626018,0.989159891598916,0.005420054200542005,1.0,0.0
Slash,1.0,0.04521276595744681,1.0,0.0425531914893617,1.0,0.0425531914893617,1.0,0.0425531914893617,0.9872931442080378,0.04107565011820334,0.8380614657210401,0.02423167848699757,0.4565602836879434,0.016843971631205622,0.13859338061465729,0.018026004728132372,0.024822695035460998,0.007683215130023633,0.0,0.0
Slash,0.0106951871657754,0.0,0.0106951871657754,0.0,0.003862150920974446,0.0,0.0,0.001782531194295875,0.028817587641117054,0.00267379679144385,0.2644087938205586,0.0,0.6247771836007129,0.008912655971479451,0.8695781342840166,0.039215686274509776,0.9699940582293524,0.05644682115270351,1.0,0.058823529411764705
Slash,1.0,0.3018867924528302,1.0,0.2991913746630728,0.9973045822102425,0.29649595687331537,0.9811320754716981,0.2857142857142857,0.8733153638814016,0.25336927223719674,0.49326145552560646,0.16711590296495957,0.14555256064690028,0.07008086253369272,0.02425876010781671,0.0215633423180593,0.0,0.005390835579514825,0.0026954177897574125,0.0
Slash,0.0026954177897574125,0.0026954177897574125,0.0,0.0,0.006289308176100635,0.007187780772686446,0.09973045822102426,0.03234501347708895,0.38005390835579506,0.09074573225516619,0.710691823899371,0.1743036837376459,0.8975741239892183,0.23450134770889489,0.967654986522911,0.2569631626235399,0.991015274034142,0.2641509433962264,1.0,0.2695417789757412
Slash,1.0,0.004629629629629629,0.9984567901234569,0.0,0.9768518518518519,0.0,0.9120370370370371,0.004629629629629629,0.7268518518518519,0.027777777777777776,0.4598765432098765,0.06790123456790133,0.20833333333333334,0.10648148148148148,0.06635802469135793,0.11574074074074074,0.018518518518518517,0.10802469135802474,0.0,0.10185185185185185
Slash,0.0,0.09900990099009901,0.004400440044004385,0.0918591859185918,0.07370737073707369,0.07535753575357539,0.32673267326732675,0.04620462046204611,0.6408140814081409,0.025852585258525886,0.8586358635863587,0.01375137513751372,0.957095709570957,0.0016501650165015563,0.9906490649064905,0.0,1.0,0.0,1.0,0.0
Slash,1.0,0.0,0.9804096170970613,0.0,0.8432769367764916,0.020480854853072102,0.35084594835262695,0.10151380231522708,0.0863757791629564,0.14158504007123776,0.0,0.1495992876224399,0.00356188780053428,0.14425645592163847,0.0329474621549421,0.13713268032056986,0.050756901157613526,0.13000890471950138,0.05966162065894924,0.12555654496883348
Slash,0.007537688442211055,0.11557788944723618,0.0047459519821328785,0.11557788944723618,0.0,0.11557788944723618,0.007537688442211055,0.11474036850921264,0.21915131211613625,0.08123953098827466,0.621998883305416,0.03964265773310998,0.8718592964824122,0.01675041876046899,0.9639865996649917,0.005583472920156353,0.9919039642657734,0.0,1.0,0.0
Slash,1.0,0.006134969325153374,0.9856850715746422,0.0,0.9652351738241307,0.0,0.9335378323108385,0.0071574642126788785,0.8094751192910701,0.026244035446489396,0.4948875255623723,0.05623721881390587,0.20143149284253567,0.07259713701431499,0.062372188139059245,0.07975460122699386,0.018064076346284926,0.07975460122699386,0.0,0.07975460122699386
Slash,0.0,0.1757188498402556,0.0,0.17252396166134185,0.0,0.17252396166134185,0.003194888178913738,0.17145899893503724,0.05466808661696842,0.15299964501242455,0.3748668796592121,0.09016684416045441,0.7326943556975507,0.04046858359957398,0.9179978700745475,0.015264465743698951,0.9815406460773873,0.0014199503017394794,1.0,0.0
Slash,1.0,0.0,0.9926276987888363,0.0,0.9483938915218535,0.005265929436545431,0.7819905213270142,0.02843601895734597,0.36861506055818877,0.05897840968931022,0.11901000526592945,0.07951553449183778,0.05687203791469194,0.08056872037914692,0.03370194839389154,0.08056872037914692,0.014744602422327556,0.08056872037914692,0.0,0.08056872037914692
Slash,0.016574585635359115,0.0,0.016574585635359115,0.0,0.0055248618784530384,0.0,0.0,0.0,0.0,0.0,0.016574585635359115,0.0,0.2541436464088398,0.0,0.6353591160220995,0.0055248618784530384,0.8784530386740331,0.022099447513812154,1.0,0.027624309392265192
Slash,1.0,0.0,0.9971181556195965,0.0,0.9884726224783862,0.0,0.8818443804034583,0.020172910662824207,0.40634005763688763,0.1037463976945245,0.10662824207492795,0.15561959654178675,0.020172910662824207,0.16714697406340057,0.002881844380403458,0.16714697406340057,0.0,0.1585014409221902,0.002881844380403458,0.15561959654178675
Slash,0.0,0.11055276381909548,0.0,0.11055276381909548,0.0,0.11055276381909548,0.01256281407035176,0.10552763819095477,0.13316582914572864,0.09045226130653267,0.4396984924623116,0.06281407035175879,0.7487437185929648,0.03768844221105527,0.9246231155778895,0.022613065326633167,0.9849246231155779,0.007537688442211055,1.0,0.0
Slash,1.0,0.00824679291386683,0.9972510690287111,0.003359804520464281,0.9886988393402566,0.001221747098350598,0.949602932193036,0.0,0.7947464874770923,0.0036652412950518723,0.4105070250458154,0.03695784972510694,0.10751374465485664,0.05497861942577886,0.005497861942577906,0.0375687232742822,0.0,0.02138057422113621,0.007635919364691511,0.01649358582773366
Slash,0.015665796344647518,0.028720626631853787,0.007832898172323759,0.02610966057441253,0.0,0.02610966057441253,0.010443864229765013,0.02610966057441253,0.1906005221932115,0.010443864229765013,0.5587467362924282,0.0,0.825065274151436,0.005221932114882507,0.9451697127937336,0.005221932114882507,0.9843342036553525,0.005221932114882507,1.0,0.005221932114882507
Slash,1.0,0.009584664536741214,0.9953851615193468,0.006389776357827476,0.9818956336528221,0.00035498757543486986,0.933972310969116,0.0,0.797302094426695,0.0,0.5299964501242456,0.0,0.24707135250266235,0.0,0.08874689385871483,0.0,0.023074192403265862,0.0,0.0,0.0
Slash,0.003048780487804878,0.027439024390243903,0.0013550135501354966,0.027439024390243903,0.0,0.027439024390243903,0.0,0.027439024390243903,0.08638211382113815,0.023712737127371254,0.4109078590785907,0.01592140921409216,0.7357723577235772,0.011178861788617857,0.9092140921409213,0.006097560975609756,0.9762872628726288,0.0,1.0,0.0
Slash,1.0,0.0064516129032258064,1.0,0.0064516129032258064,1.0,0.0064516129032258064,0.9913978494623658,0.0064516129032258064,0.9462365591397851,0.0,0.699641577060932,0.007885304659498249,0.27634408602150545,0.015053763440860185,0.0716845878136201,0.005734767025089586,0.018279569892473178,0.0,0.0,0.0
Slash,0.0034129692832764505,0.06484641638225255,0.0,0.05802047781569966,0.0,0.05802047781569966,0.0,0.05802047781569966,0.18430034129692832,0.030716723549488054,0.5767918088737202,0.0,0.8395904436860068,0.0034129692832764505,0.9453924914675768,0.0034129692832764505,0.9863481228668942,0.0034129692832764505,1.0,0.0034129692832764505
Slash,1.0,0.05379746835443038,0.9968354430379747,0.05063291139240506,0.9968354430379747,0.05063291139240506,0.9968354430379747,0.05063291139240506,0.9546413502109703,0.048523206751054884,0.7605485232067511,0.04008438818565407,0.4177215189873418,0.02531645569620253,0.15084388185654024,0.016877637130801718,0.03481012658227848,0.008438818565400814,0.0,0.0
Slash,0.0,0.010366051182377677,0.0,0.010366051182377677,0.0,0.010366051182377677,0.010689990281826989,0.008422416585681882,0.1263362487852283,0.0,0.44800777453838686,0.0042112082928409,0.7677356656948493,0.03757693553611912,0.9277615808228054,0.05766115970197601,0.9863945578231293,0.06284418529316485,1.0,0.06284418529316485
Slash,1.0,0.010958904109589041,0.9948249619482495,0.00821917808219178,0.9923896499238966,0.00821917808219178,0.9853881278538813,0.0027397260273972603,0.9193302891933028,0.0,0.6858447488584475,0.005175038051750372,0.3506849315068495,0.0273972602739726,0.12176560121765605,0.04444444444444446,0.033789954337899566,0.049315068493150684,0.0,0.0547945205479452
Slash,0.0027247956403269754,0.06267029972752043,0.0,0.06267029972752043,0.0,0.06267029972752043,0.010899182561307902,0.05994550408719346,0.19346049046321526,0.02997275204359673,0.5367847411444142,0.005449591280653951,0.8119891008174387,0.0,0.9400544959128065,0.0,0.9863760217983651,0.0,1.0,0.0
Slash,1.0,0.32051282051282054,0.9967948717948718,0.3173076923076923,0.9935897435897436,0.3141025641025641,0.9839743589743589,0.3108974358974359,0.9102564102564102,0.2724358974358974,0.6474358974358975,0.1858974358974359,0.30128205128205127,0.08333333333333333,0.09935897435897435,0.02564102564102564,0.019230769230769232,0.00641025641025641,0.0,0.0
Slash,0.0,0.0,0.0,0.0,0.001870557426112987,0.0,0.04152637485970813,0.010101010101010102,0.20239431350542453,0.06135428357650582,0.5054246165357278,0.18294051627384963,0.7845117845117843,0.3221099887766553,0.9292929292929293,0.40142162364384587,0.9820426487093152,0.42835765057987285,1.0,0.43434343434343436
Slash,1.0,0.4807017543859649,0.9992202729044835,0.4807017543859649,0.9914230019493177,0.4807017543859649,0.9766081871345028,0.472514619883041,0.9130604288499026,0.4374269005847954,0.7668615984405458,0.362962962962963,0.49473684210526314,0.23976608187134496,0.22807017543859628,0.11656920077972702,0.07134502923976602,0.03703703703703699,0.0,0.0
Slash,0.0,0.0,0.0,0.0,0.019543973941368076,0.005428881650380037,0.10749185667752444,0.035830618892508145,0.3203040173724212,0.10640608034744839,0.6286644951140063,0.21064060803474483,0.8534201954397395,0.30944625407166126,0.9500542888165039,0.3550488599348534,0.9869706840390879,0.3691639522258414,1.0,0.3713355048859935
Slash,1.0,0.005390835579514825,0.9934112009583708,0.0,0.9742437855645403,0.0,0.9110512129380054,0.009883198562443896,0.7310572027553158,0.0724767894579216,0.4279724468403713,0.18478586403114716,0.1769991015274033,0.26504941599281234,0.05360886492961956,0.3000898472596587,0.008984725965858028,0.30997304582210244,0.0,0.30997304582210244
Slash,0.0,0.41543026706231456,0.032640949554896145,0.39465875370919884,0.1632047477744807,0.32344213649851633,0.3916913946587537,0.22551928783382788,0.6231454005934718,0.13353115727002968,0.8011869436201781,0.0712166172106825,0.9080118694362018,0.032640949554896145,0.9614243323442137,0.011869436201780416,0.9881305637982196,0.002967359050445104,1.0,0.0
Slash,1.0,0.005633802816901409,0.9971830985915493,0.0,0.9943661971830986,0.0,0.9849765258215961,0.0,0.9364632237871675,0.0,0.7283255086071989,0.0,0.4018779342723006,0.0,0.1636932707355245,0.0025039123630672838,0.043818466353677664,0.005633802816901409,0.0,0.005633802816901409
Slash,0.0,0.008923431203223982,0.015544041450777202,0.005757052389176758,0.1111111111111111,0.0,0.32901554404145084,0.0020149683362119166,0.6162924582613702,0.022740356937248112,0.8275762809441566,0.04864709268854345,0.9265975820379965,0.06160046056419112,0.9709268854346575,0.06735751295336788,0.9905008635578585,0.0710995970063328,1.0,0.0710995970063328
Slash,1.0,0.009259259259259259,1.0,0.0,1.0,0.0,1.0,0.0,0.9382716049382714,0.007201646090534921,0.5617283950617286,0.06172839506172831,0.1635802469135799,0.14197530864197513,0.016460905349794705,0.16666666666666666,0.0,0.16666666666666666,0.0,0.16666666666666666
Slash,1.0,0.0125,0.99375,0.003472222222222143,0.99375,0.0,0.9916666666666668,0.0,0.8194444444444443,0.01736111111111107,0.45763888888888926,0.06666666666666679,0.16458333333333322,0.1375,0.02916666666666643,0.16944444444444445,0.0,0.175,0.0,0.175
Slash,0.0,0.1641025641025641,0.0,0.15897435897435896,0.0,0.15897435897435896,0.0,0.15897435897435896,0.03874643874643868,0.14017094017094023,0.22108262108262094,0.08547008547008557,0.517948717948718,0.04786324786324777,0.8136752136752134,0.011396011396011428,0.9498575498575496,0.0,1.0,0.0
Slash,1.0,0.059113300492610835,1.0,0.059113300492610835,1.0,0.059113300492610835,0.9950738916256158,0.059113300492610835,0.9753694581280788,0.059113300492610835,0.7389162561576355,0.024630541871921183,0.3694581280788177,0.014778325123152709,0.10837438423645321,0.009852216748768473,0.019704433497536946,0.0,0.0,0.0
Slash,0.0,0.0684931506849315,0.0,0.0684931506849315,0.0,0.0684931506849315,0.0,0.0684931506849315,0.0,0.0684931506849315,0.0684931506849315,0.05377980720446471,0.2648401826484018,0.03805175038051742,0.5865043125317103,0.022323693556570254,0.8756976154236428,0.006595636732623092,1.0,0.0
Slash,1.0,0.0,0.9914163090128756,0.0,0.9814020028612304,0.0,0.9356223175965666,0.0,0.6709585121602291,0.02145922746781116,0.31759656652360513,0.0944206008583691,0.0815450643776824,0.1630901287553648,0.011444921316165911,0.18454935622317598,0.0,0.18454935622317598,0.0,0.18454935622317598
Slash,1.0,0.004048582995951417,0.9919028340080972,0.0,0.9919028340080972,0.0,0.99055330634278,0.0,0.979757085020243,0.0,0.9730094466936572,0.0008996851102114516,0.7260458839406208,0.024291497975708502,0.250562303193882,0.10706252811515975,0.04138551506972551,0.14799820062977953,0.0,0.14979757085020243
Slash,0.0035714285714285713,0.1392857142857143,0.0,0.1357142857142857,0.0,0.1357142857142857,0.005952380952380918,0.13095238095238101,0.08730158730158735,0.10595238095238092,0.33769841269841266,0.06547619047619051,0.7047619047619045,0.02738095238095245,0.9321428571428572,0.005555555555555511,0.9936507936507937,0.0,1.0,0.0
Slash,1.0,0.0,1.0,0.0,1.0,0.0,1.0,0.0,0.9564772145417306,0.002048131080389203,0.7178699436763952,0.0163850486431131,0.4009216589861751,0.04608294930875576,0.16538658474142356,0.08090117767537117,0.04403481822836656,0.10087045570916538,0.0,0.10138248847926268
Slash,0.0,0.13839285714285715,0.0,0.13392857142857142,0.0,0.13392857142857142,0.0,0.13392857142857142,0.08779761904761914,0.10863095238095243,0.3095238095238094,0.06547619047619044,0.6250000000000002,0.032738095238095156,0.8645833333333334,0.01091269841269847,0.9692460317460319,0.0,1.0,0.0
Slash,1.0,0.008032128514056224,1.0,0.008032128514056224,0.9995537706381081,0.008032128514056224,0.9825970548862116,0.008032128514056224,0.9178937974118696,0.0071396697902721745,0.682284694332887,0.0,0.37483266398929066,0.0,0.14234716644355203,0.0075858991521642,0.03302097278000895,0.020080321285140562,0.0,0.024096385542168676
Slash,0.0,0.05907172995780591,0.01312705110173478,0.05063291139240506,0.06610407876230645,0.041725269573370825,0.18565400843881857,0.02672292545710271,0.3511486169714018,0.007501172058134057,0.5236755743084855,0.0,0.741209563994374,0.004219409282700422,0.9156118143459916,0.008438818565400843,0.9868729488982653,0.012658227848101266,1.0,0.016877637130801686
Slash,1.0,0.004347826086956522,0.991304347826087,0.0,0.9826086956521739,0.0,0.9695652173913043,0.0,0.8565217391304348,0.008695652173913044,0.6217391304347826,0.017391304347826087,0.3695652173913043,0.04782608695652174,0.17391304347826086,0.08260869565217391,0.05217391304347826,0.10434782608695652,0.0,0.10869565217391304
Slash,0.0,0.12927756653992395,0.0,0.12927756653992395,0.0,0.12927756653992395,0.019011406844106463,0.11913814955640044,0.1280101394169834,0.0887198986058302,0.3375580904098016,0.04816223067173634,0.6185044359949301,0.013941698352344812,0.8424165610477397,0.0038022813688212928,0.9590198563582593,0.0,1.0,0.0
Slash,1.0,0.004347826086956522,0.986473429951691,0.0,0.9657004830917874,0.0,0.9217391304347826,0.0,0.8483091787439613,0.0,0.7289855072463767,0.0,0.5710144927536231,0.007246376811594161,0.38115942028985517,0.02415458937198062,0.1801932367149759,0.05072463768115938,0.0,0.08260869565217391
Slash,0.09933774834437085,0.0,0.09933774834437085,0.0,0.04856512141280378,0.0,0.0,0.0,0.02207505518763822,0.0,0.3436350257542308,0.005886681383370104,0.8609271523178808,0.05077262693156727,0.9860191317144961,0.059602649006622516,1.0,0.06622516556291391,1.0,0.06622516556291391
Slash,1.0,0.006555227794165866,1.0,0.0036053752867912345,0.9996722386102918,0.0036053752867912345,0.9921337266470011,0.0036053752867912345,0.9249426417568013,0.0,0.5457227138643068,0.012782694198623431,0.18190757128810248,0.07341855129465756,0.032120616191412724,0.10619469026548672,0.0,0.11274991805965259,0.0,0.11274991805965259
Slash,0.006920415224913495,0.16608996539792387,0.0034602076124567475,0.16608996539792387,0.0034602076124567475,0.16608996539792387,0.0,0.16608996539792387,0.008458285274894315,0.15840061514801998,0.18954248366013068,0.09227220299884656,0.540945790080738,0.02768166089965398,0.8446751249519415,0.001922337562475927,0.9684736639753941,0.0,1.0,0.0034602076124567475
Slash,1.0,0.0,0.9932659932659933,0.0,0.9932659932659933,0.0,0.9932659932659933,0.0,0.9528619528619529,0.0,0.7710437710437711,0.003367003367003367,0.45791245791245794,0.04377104377104377,0.19528619528619529,0.10437710437710437,0.050505050505050504,0.15151515151515152,0.0,0.1717171717171717
Slash,0.0,0.2965779467680608,0.0,0.2965779467680608,0.0,0.29277566539923955,0.0,0.29277566539923955,0.00506970849176176,0.2839036755386566,0.1520912547528517,0.19771863117870722,0.5855513307984791,0.060836501901140684,0.888466413181242,0.01013941698352352,0.9797211660329532,0.0,1.0,0.0
Slash,1.0,0.0,0.9989212513484358,0.0,0.9951456310679612,0.0,0.9385113268608414,0.0,0.7934196332254585,0.018338727076591125,0.38619201725997865,0.14617044228694714,0.1262135922330097,0.2637540453074434,0.03559870550161817,0.3036677454153183,0.005933117583602913,0.3155339805825243,0.0,0.3155339805825243
Slash,0.003861003861003861,0.1776061776061776,0.0,0.17374517374517376,0.0,0.16602316602316602,0.003861003861003861,0.16602316602316602,0.03346203346203354,0.14929214929214937,0.16859716859716845,0.11969111969111969,0.4092664092664093,0.08108108108108109,0.6898326898326896,0.04504504504504501,0.8983268983268982,0.01673101673101677,1.0,0.0
Slash,1.0,0.0473003123605533,0.9843819723337794,0.043284248103525186,0.9687639446675589,0.043284248103525186,0.9558232931726908,0.043284248103525186,0.9558232931726908,0.043284248103525186,0.8808567603748328,0.03569834895136099,0.5408299866131192,0.005800981704596099,0.21151271753681378,0.0,0.04997768853190545,0.015618027666220424,0.0,0.019187862561356513
Slash,0.009302325581395349,0.08372093023255814,0.009302325581395349,0.08372093023255814,0.009302325581395349,0.08372093023255814,0.0,0.08372093023255814,0.0,0.08372093023255814,0.031007751937984586,0.07131782945736438,0.2930232558139535,0.027906976744186046,0.6449612403100776,0.0031007751937985376,0.8930232558139535,0.0,1.0,0.0
Slash,0.9811320754716981,0.0,0.9837526205450733,0.0,1.0,0.0,1.0,0.0,0.9947589098532496,0.0,0.7646750524109014,0.024109014675052425,0.3443396226415094,0.12264150943396226,0.09014675052410917,0.1965408805031446,0.009958071278826012,0.22169811320754718,0.0,0.22169811320754718
Slash,0.0,0.1953125,0.0,0.1953125,0.0,0.1953125,0.0,0.1953125,0.02994791666666674,0.17447916666666674,0.19704861111111116,0.11588541666666663,0.5169270833333335,0.04817708333333326,0.8107638888888891,0.01128472222222221,0.9505208333333335,0.0,1.0,0.0
Slash,1.0,0.041666666666666664,1.0,0.041666666666666664,0.9848484848484849,0.041666666666666664,0.9848484848484849,0.041666666666666664,0.9848484848484849,0.041666666666666664,0.9166666666666666,0.03787878787878788,0.6022727272727273,0.0,0.24242424242424243,0.007575757575757576,0.056818181818181816,0.03787878787878788,0.0,0.045454545454545456
Slash,0.0,0.08045977011494253,0.0,0.08045977011494253,0.0,0.08045977011494253,0.029374201787994856,0.07024265644955292,0.1255853554704129,0.05065985525755643,0.310770540655598,0.025968497232865026,0.5542784163473822,0.006385696040868419,0.7735206470838656,0.0,0.9310344827586207,0.0,1.0,0.0
Slash,1.0,0.009966777408637873,0.9933554817275747,0.009966777408637873,0.9933554817275747,0.009966777408637873,0.992248062015504,0.009966777408637873,0.9789590254706534,0.009966777408637873,0.867109634551495,0.0,0.6090808416389811,0.004429678848283437,0.2443706164636395,0.07198228128460693,0.059800664451827246,0.13178294573643418,0.0,0.15614617940199335
Slash,0.0,0.1732283464566929,0.0,0.1732283464566929,0.0,0.1732283464566929,0.0,0.17060367454068234,0.00568678915135613,0.16447944006999124,0.05774278215223105,0.14041994750656164,0.24803149606299213,0.08398950131233589,0.5721784776902884,0.028871391076115523,0.8608923884514434,0.006124234470691114,1.0,0.0
Slash,1.0,0.0,0.9962121212121212,0.0,0.9962121212121212,0.0,0.9797979797979797,0.0,0.8981481481481483,0.0,0.6792929292929292,0.01599326599326591,0.38005050505050475,0.041666666666666664,0.15235690235690227,0.07239057239057241,0.03914141414141407,0.09385521885521883,0.0,0.10606060606060606
Slash,0.017857142857142856,0.026289682539682526,0.017857142857142856,0.026289682539682526,0.015376984126984183,0.026289682539682526,0.0,0.026289682539682526,0.026785714285714284,0.021329365079365052,0.33035714285714285,0.0,0.7738095238095235,0.006944444444444515,0.9608134920634921,0.014880952380952423,1.0,0.017361111111111098,1.0,0.017361111111111098
Slash,1.0,0.006896551724137931,1.0,0.006896551724137931,1.0,0.006896551724137931,1.0,0.006896551724137931,0.996934865900383,0.006896551724137931,0.8804597701149427,0.0,0.5620689655172414,0.010344827586206896,0.24942528735632177,0.055555555555555663,0.07011494252873567,0.09195402298850572,0.0,0.10689655172413794
Slash,0.00823045267489712,0.1728395061728395,0.0,0.1728395061728395,0.0,0.1728395061728395,0.0,0.1728395061728395,0.02926383173296755,0.1632373113854596,0.204389574759945,0.10791037951531782,0.5349794238683128,0.04252400548696837,0.8189300411522634,0.010059442158207641,0.9556470050297209,0.0,1.0,0.0
Slash,1.0,0.0,1.0,0.0,0.9981481481481479,0.0,0.9833333333333333,0.0,0.9833333333333333,0.0,0.9759259259259261,0.0,0.9444444444444444,0.0,0.7333333333333336,0.003703703703703809,0.35,0.04074074074074063,0.0,0.1111111111111111
Slash,0.0,0.15315315315315314,0.0,0.15315315315315314,0.0,0.15315315315315314,0.0,0.15315315315315314,0.0,0.15315315315315314,0.036036036036036036,0.13513513513513514,0.27927927927927926,0.07657657657657657,0.6801801801801802,0.02702702702702703,0.9414414414414415,0.0,1.0,0.0
Slash,1.0,0.00558659217877095,0.994413407821229,0.00558659217877095,0.994413407821229,0.00558659217877095,0.994413407821229,0.0,0.9689633767846059,0.0,0.7951582867783984,0.0,0.4972067039106145,0.014897579143389147,0.21415270018621962,0.050900062073246446,0.06331471135940431,0.07697082557417749,0.0,0.0893854748603352
Slash,0.004464285714285714,0.08482142857142858,0.0,0.08482142857142858,0.0,0.08482142857142858,0.0,0.08482142857142858,0.006944444444444388,0.08134920634920638,0.15625,0.05059523809523814,0.4866071428571431,0.007440476190476148,0.8154761904761908,0.0,0.9722222222222224,0.0,1.0,0.0
Slash,1.0,0.0,0.9808080808080808,0.0,0.9772727272727273,0.0,0.9772727272727273,0.0,0.9772727272727273,0.0,0.9742424242424241,0.0,0.8136363636363634,0.0,0.4479797979797979,0.0186868686868687,0.15252525252525248,0.057070707070707015,0.0,0.08181818181818182
Slash,0.0,0.09829059829059829,0.0,0.09829059829059829,0.0,0.09829059829059829,0.0,0.09829059829059829,0.02564102564102564,0.09116809116809109,0.2293447293447292,0.05128205128205128,0.6111111111111112,0.008547008547008548,0.8945868945868946,0.0,0.9814814814814813,0.0,1.0,0.0
